﻿version:v1.0,,,,,,,,,,,,,,,,
Name [displayName] Required,User name [userPrincipalName] Required,Initial password [passwordProfile] Required,Block sign in (Yes/No) [accountEnabled] Required,First name [givenName],Last name [surname],Job title [jobTitle],Department [department],United Statesge location [United StatesgeLocation],Street address [streetAddress],State or province [state],Country or region [country],Office [physicalDeliveryOfficeName],City [city],ZIP or postal code [postalCode],Office phone [telephoneNumber],Mobile phone [mobile]
user-2,user-2@PRIMARY-DOMAIN ,Lab@password,No,lab,user-02,Manager,Finance,India,,,India,,,,,
user-3,user-3@PRIMARY-DOMAIN ,Lab@password,No,lab,user-03,Sr. Manager,Admin,United States,,,United States,,,,,
user-4,user-4@PRIMARY-DOMAIN ,Lab@password,No,lab,user-04,Executive,HR,Germany,,,Germany,,,,,
user-5,user-5@PRIMARY-DOMAIN ,Lab@password,No,lab,user-05,Manager,Admin,United States,,,United States,,,,,
user-6,user-6@PRIMARY-DOMAIN ,Lab@password,No,lab,user-06,Executive,HR,Germany,,,Germany,,,,,
user-7,user-7@PRIMARY-DOMAIN ,Lab@password,No,lab,user-07,Manager,Finance,India,,,India,,,,,
user-8,user-8@PRIMARY-DOMAIN ,Lab@password,No,lab,user-08,Executive,HR,Germany,,,Germany,,,,,
user-9,user-9@PRIMARY-DOMAIN ,Lab@password,No,lab,user-09,Executive-II,Admin,United States,,,United States,,,,,
user-10,user-10@PRIMARY-DOMAIN ,Lab@password,No,lab,user-10,Sr. Manager,Finance,India,,,India,,,,,
user-11,user-11@PRIMARY-DOMAIN ,Lab@password,No,lab,user-11,Manager,HR,United States,,,United States,,,,,
user-12,user-12@PRIMARY-DOMAIN ,Lab@password,No,lab,user-12,Executive,Admin,United States,,,United States,,,,,
user-13,user-13@PRIMARY-DOMAIN ,Lab@password,No,lab,user-13,Sr. Manager,HR,India,,,India,,,,,
user-14,user-14@PRIMARY-DOMAIN ,Lab@password,No,lab,user-14,Executive-II,Finance,Germany,,,Germany,,,,,
user-15,user-15@PRIMARY-DOMAIN ,Lab@password,No,lab,user-15,Executive-II,HR,Germany,,,Germany,,,,,
user-16,user-16@PRIMARY-DOMAIN ,Lab@password,No,lab,user-16,Executive,HR,United States,,,United States,,,,,
user-17,user-17@PRIMARY-DOMAIN ,Lab@password,No,lab,user-17,Executive,Admin,United States,,,United States,,,,,
user-18,user-18@PRIMARY-DOMAIN ,Lab@password,No,lab,user-18,Executive,HR,India,,,India,,,,,
user-19,user-19@PRIMARY-DOMAIN ,Lab@password,No,lab,user-19,Manager,Finance,Germany,,,Germany,,,,,
user-20,user-20@PRIMARY-DOMAIN ,Lab@password,No,lab,user-20,Executive,Finance,India,,,India,,,,,
